"id","ExitCode","AccessCode"
"0_access","0_exit","0_access"
"1_access","1_exit","1_access"
"2_access","2_exit","2_access"
"3_access","3_exit","3_access"
"4_access","4_exit","4_access"
"5_access","5_exit","5_access"
"6_access","6_exit","6_access"
"7_access","7_exit","7_access"
"8_access","8_exit","8_access"
"9_access","9_exit","9_access"
"10_access","10_exit","10_access"
"11_access","11_exit","11_access"
"12_access","12_exit","12_access"
"13_access","13_exit","13_access"
"14_access","14_exit","14_access"
"15_access","15_exit","15_access"
"16_access","16_exit","16_access"
"17_access","17_exit","17_access"
"18_access","18_exit","18_access"
"19_access","19_exit","19_access"
"20_access","20_exit","20_access"
"21_access","21_exit","21_access"
"22_access","22_exit","22_access"
"23_access","23_exit","23_access"
"24_access","24_exit","24_access"
"25_access","25_exit","25_access"
"26_access","26_exit","26_access"
"27_access","27_exit","27_access"
"28_access","28_exit","28_access"
"29_access","29_exit","29_access"
"30_access","30_exit","30_access"
"31_access","31_exit","31_access"
"32_access","32_exit","32_access"
"33_access","33_exit","33_access"
"34_access","34_exit","34_access"
"35_access","35_exit","35_access"
"36_access","36_exit","36_access"
"37_access","37_exit","37_access"
"38_access","38_exit","38_access"
"39_access","39_exit","39_access"
"40_access","40_exit","40_access"
"41_access","41_exit","41_access"
"42_access","42_exit","42_access"
"43_access","43_exit","43_access"
"44_access","44_exit","44_access"
"45_access","45_exit","45_access"
"46_access","46_exit","46_access"
"47_access","47_exit","47_access"
"48_access","48_exit","48_access"
"49_access","49_exit","49_access"
"50_access","50_exit","50_access"
"51_access","51_exit","51_access"
"52_access","52_exit","52_access"
"53_access","53_exit","53_access"
"54_access","54_exit","54_access"
"55_access","55_exit","55_access"
"56_access","56_exit","56_access"
"57_access","57_exit","57_access"
"58_access","58_exit","58_access"
"59_access","59_exit","59_access"
"60_access","60_exit","60_access"
"61_access","61_exit","61_access"
"62_access","62_exit","62_access"
"63_access","63_exit","63_access"
"64_access","64_exit","64_access"
"65_access","65_exit","65_access"
"66_access","66_exit","66_access"
"67_access","67_exit","67_access"
"68_access","68_exit","68_access"
"69_access","69_exit","69_access"
"70_access","70_exit","70_access"
"71_access","71_exit","71_access"
"72_access","72_exit","72_access"
"73_access","73_exit","73_access"
"74_access","74_exit","74_access"
"75_access","75_exit","75_access"
"76_access","76_exit","76_access"
"77_access","77_exit","77_access"
"78_access","78_exit","78_access"
"79_access","79_exit","79_access"
"80_access","80_exit","80_access"
"81_access","81_exit","81_access"
"82_access","82_exit","82_access"
"83_access","83_exit","83_access"
"84_access","84_exit","84_access"
"85_access","85_exit","85_access"
"86_access","86_exit","86_access"
"87_access","87_exit","87_access"
"88_access","88_exit","88_access"
"89_access","89_exit","89_access"
"90_access","90_exit","90_access"
"91_access","91_exit","91_access"
"92_access","92_exit","92_access"
"93_access","93_exit","93_access"
"94_access","94_exit","94_access"
"95_access","95_exit","95_access"
"96_access","96_exit","96_access"
"97_access","97_exit","97_access"
"98_access","98_exit","98_access"
"99_access","99_exit","99_access"
